time_hour,X_f
1.0,208.67185320942227
100000.0,12.39071387248436
